ID,mapHeight,mapWidth,initialPlantCount,dailyPlantGrowth,plantEnergy,initialAnimalCount,initialAnimalEnergy,energyToBeFed,parentEnergyCost,genomeLength,minMutations,maxMutations,lifeGivingCorpses,geneSwap
0,10,10,10,5,15,5,100,60,40,10,1,4,false,false
1,5,5,5,10,15,1,1000,60,40,10,1,4,false,false
2,30,30,70,30,20,20,100,60,40,10,1,3,false,false
4,5,5,25,25,6,1,6,60,40,10,1,4,false,false
5,20,20,50,30,15,100,100,60,40,10,1,4,true,true
3,20,20,50,30,15,100,100,60,40,10,1,4,false,false
45,50,100,70,100,15,40,100,60,40,10,1,4,false,false
6,10,10,50,30,15,30,100,60,40,100,25,50,false,true
9,30,30,70,30,20,20,100,60,40,10,1,3,true,true
